ID,Customer
1,CHADWELL SUPPLY
2,CONKLIN METALS
3,HOLDEN & ASSOCIATES
4,MINGLEDORFF'S
5,MECHANICAL EQUIPMENT CO.
6,SOUTHERN PIPE & SUPPLY
7,UNITED REFRIGERATION
8,ALPS REFRIGERATION EQPT SALES
9,ASSOCIATED EQUIPMENT CO.
10,EPTING DISTRIBUTORS
11,HEATING & AIR CONDITIONING SUPPLY
12,MANUFACTURED DUCT & SUPPLY
13,SOUTHEASTERN METAL SUPPLY
14,TRI-STATE DISTRIBUTORS
15,WINAIR
16,WINAIR BALDWIN
17,WINLECTRIC
18,WINNELSON
19,WINSUPPLY
79,NOLAND COMPANY
20,ED'S SUPPLY COMPANY
21,WITTICHEN SUPPLY COMPANY
22,BAKER DISTRIBUTING
23,EAST COAST METALS
24,GEMAIRE
25,FOX APPLIANCE PARTS
26,CREGGER COMPANY
27,DEALERS SUPPLY COMPANY
28,N.B. HANDY COMPANY
29,H & S SUPPLY
30,1HVAC-Brock (former UNDERWOOD HVAC)
31,AIR DEPOT
32,"AIR SUPPLY GENERAL, INC"
33,ALL METRO ELECTRICAL DISTRIBUTORS
34,APPLIED AIR SOLUTIONS
35,"ATCO SUPPLY CO., INC."
36,ATLAS MANUFACTURING
37,CLIMATIC COMFORT
38,DEVORE & JOHNSON
39,DON PARK USA
40,DUCT-MAX SUPPLY INC
41,ENGINEERING & EQUIPMENT
42,FERGUSON ENTERPRISES
43,GAINESVILLE APPLIANCE PARTS
44,GAS CONTROLS COMPANY/SOUTHERN AIR
45,GEORGIA AIR ASSOCIATES
46,GOODMAN DISTRIBUTION
47,GRIFFIN GREENHOUSE(formerly Progress Growers)
48,HAJOCA
49,HAJOCA-APEX SUPPLY
50,HAJOCA-HUGHES SUPPLY
51,HINKLE METALS & SUPPLY
52,INTEGRATED SUPPLY COMPANY
53,JEDCO SUPPLY
54,JOHNSTONE SUPPLY
55,LENNOX INDUSTRIES
56,LINCOLN ASSOCIATES
57,MAINTENANCE SUPPLY HEADQUARTERS
58,MAJOR SUPPLY COMPANY
59,"MCCALL'S SUPPLY, INC."
60,MD SUPPLY COMPANY INC
61,MGM PRODUCTS
62,MOTION INDUSTRIES
63,NOLAND COMPANY
64,R.E. MICHEL COMPANY
65,SEASONS 4
66,SOUTHEAST COOLER
67,SOUTHERN AIR CONCEPTS
68,SOUTHWEST GEORGIA WHOLESALE
69,STROMQUIST & COMPANY
70,SUN-AIR SUPPLY
71,T & T SUPPLY
72,TOM BARROW COMPANY
73,TRANE DSO
74,TRANE PARTS
75,TRANE SUPPLY
76,UNI TEMP REFRIGERATION
77,WHOLESALE SUPPLY GROUP
78,YORK SOURCE 1 HVAC SUPPLY
